trial,pilot_s,C_band,C_growth,C_theta1_x4,C_theta1_x6,F_field_slack,F_slack,F_trust,K_field,P_k
0,63649.3,0.8,1.5,10.0,10.0,1.1,1.25,1.3,2,1.0
1,65367.6,0.7755922678875304,1.803018579144183,11.210901127575355,14.330736261121766,1.1843861359563377,1.3570142012260638,1.3362197606530972,9,0.8988133919070861
2,67342.1,0.539897466277487,1.471036480270659,6.24847838222726,11.184088748941065,1.1212310568430082,1.4017542607093518,1.6891644730820976,6,3.156081784420587
3,64808.6,0.7003173548992756,1.909097706753029,11.63930156576109,16.95584958145014,1.231985049343821,1.328008005819365,1.1300378150884165,14,0.45438465043434234
4,64729.5,0.55620627950674,1.0712875014514083,8.576858006470761,16.076577454193455,1.123841995655333,1.2325719404264914,1.6095614755289667,15,0.3508246814040671
5,66418.4,0.8610548042458188,1.6527407607557918,22.28056198258152,15.514588014730995,1.0461883665071732,1.408612187392837,1.0667206712565738,9,1.295709897504374
6,69166.6,0.9423779636669465,1.7392882413438508,15.142700764871009,5.9200198419875765,1.2839387302689749,1.5440832782425151,1.6172986289952218,12,0.5385018237806132
7,66144.2,0.6556245630917132,1.2811130109695066,16.946706293292554,12.265594962635316,1.1335417526695957,1.512968752845879,1.1365254584865458,16,1.3275040051396612
8,68857.3,0.6287403924882677,1.6506455437008605,18.19038609774368,21.01265490298291,1.1618726915279698,1.5880059121387538,1.149303016617004,12,0.575462993131185
9,68288.6,0.6190434546867796,1.442491403409763,16.88225652627904,11.959471773237762,1.2460585998844296,1.5900997239654002,1.0041984207102992,10,0.7329516314436793
10,63515.9,0.7886483579911582,1.0498703445465274,24.95472700375862,24.301793665586473,1.0275406093829378,1.207767857762791,1.9484969432825165,2,3.8364736129800607
11,63515.4,0.7912598742938497,1.0058975682789537,24.75087353097358,24.160988130246974,1.0379526082403783,1.211333079532943,1.9534992071086248,2,3.938440585240901
12,63518.0,0.7660475214465647,1.041193467012122,23.848875142438086,24.95991323646753,1.0223910239711467,1.2032328674313684,1.982106590987684,2,3.975242306773891
13,64175.7,0.862578956067543,1.2020646486244642,24.95104813353275,24.836595467091794,1.0630946827410037,1.2863898364518846,1.9864061719557011,5,2.3493540742552304
14,63754.8,0.7302076397001466,1.193033731995274,21.168321020602576,21.074786985726345,1.0721693581389244,1.201084508875013,1.8230507261829372,4,2.253335316225914
15,63887.0,0.8378544991077679,1.020239608479782,20.461191170664097,21.599271362646174,1.0230455834900634,1.2970492443047787,1.8247969074250485,4,2.389945516674336
16,66512.6,0.9108192336483285,1.1777360354011044,24.821054883708133,22.50154871088626,1.08606144775865,1.2638403581937498,1.839616831632648,7,3.6811394044852537
17,63516.1,0.7074608013918748,1.1342310856499607,19.767561951775146,19.321747589949418,1.0543588720448116,1.3286404224422748,1.9011365282500112,2,1.7464202373360789
18,64089.8,0.81835758649364,1.2953236446124197,22.681371022978425,18.537616766586485,1.0216475729102807,1.234403234956569,1.7010294369598473,4,2.9326188012806806
19,66513.0,0.7482715854898981,1.3596479891137843,22.766364099885113,23.82271629643878,1.094361181928824,1.28670800829931,1.5220378940160264,7,1.884172236883033
20,64516.9,0.6803838407691283,1.007822513271616,14.098882699099,22.959943844612425,1.0474144551272464,1.2002731471688386,1.9164987998490939,3,2.9098810128606156
21,63515.6,0.7112845007667828,1.1298411567530722,19.909859070498584,19.669084252126808,1.0487109358329643,1.3754489220502644,1.8942033774641962,2,1.7401727510318095
22,65753.7,0.791933630906995,1.1104200045988453,19.229025262631655,19.874142766915767,1.0452014635634546,1.4617199882290308,1.765067176141188,3,1.3899472372544988
23,63516.5,0.7358199046155848,1.26264707740975,21.511536280913774,18.053394582157328,1.0781354072758105,1.3782584138032694,1.9966375117643012,2,3.8742745940008962
24,66661.6,0.8847042922533084,1.108794333232379,23.470530417926625,23.176960454635353,1.0400258761555656,1.4535142754380412,1.8963980671853213,5,0.26332005758351346
25,66012.5,0.5986319260427391,1.0005629155326605,18.46091870236071,20.266095922075184,1.1000135076202018,1.4741013008180461,1.7327419177372916,3,1.6262026331699566
26,64169.9,0.8214454693203769,1.1357652065119046,24.82873370623899,22.113546664552903,1.0685750656086448,1.3158007198274546,1.9035807217454326,5,2.7514204643344495
27,64410.2,0.6712357060385485,1.3345185913944544,21.27065513075725,23.672731802810635,1.0373055785067982,1.2611091507547454,1.7804317794817686,3,2.0075483283787388
28,66214.0,0.5022858230655154,1.2196698496078364,14.578468547478693,17.816528877398035,1.0658253580877812,1.3446453214172494,1.9330740821660513,6,1.0039669313578687
29,63515.2,0.7930638010715548,1.3788812292781971,23.164218187511146,7.7275481834787545,1.087769638047612,1.2460781579088849,1.4810575527993726,2,3.3302018202451307
30,64089.2,0.7148579851218266,1.562830997034542,19.998289622556037,7.429892475308019,1.1112019344894961,1.2429988155159832,1.4103955018685672,4,1.1007303499151706
31,63986.8,0.8019002615956226,1.4030986847239069,23.31578481089715,9.143516720392546,1.1479397992197604,1.2279740926770646,1.4835206576405857,2,3.455997092297696
32,63573.9,0.7768518387244878,1.0792241852225788,23.79575779380883,9.167084778883131,1.09574889123016,1.2674709982691765,1.3310593922473601,2,2.6400989797686982
33,64515.5,0.7614313404375931,1.5495366271213264,22.053945702832724,13.895355688817448,1.035182950970725,1.2223972045968803,1.2803236775582802,3,3.1446539655283527
34,63503.1,0.8422653132771261,1.2388018903301907,24.055173720599445,13.5572031794824,1.0599119607809229,1.373367454806829,1.6144921778933277,2,3.344220873097644
35,64088.8,0.856322936041783,1.3812230659098963,20.82708315637177,14.085692586098205,1.1098848907978107,1.3823681314722578,1.6233019953988816,4,2.1617341183133707
36,67371.0,0.8831896047953808,1.2429506012315263,5.029662208797475,5.198186344554541,1.1852797287506673,1.422108085267707,1.5228975197537107,6,3.12638873370545
37,64116.8,0.8308455640843306,1.9250019026567633,22.131349520399873,10.088857166833785,1.0805413290014112,1.3627222932305654,1.4267322422988686,3,1.5573410597623678
38,65124.9,0.9077405582197983,1.4870813123766486,17.282896535048593,15.924679966174548,1.0549821567994275,1.4317291704670014,1.6625662450173087,5,2.539034601435015
39,66049.9,0.9494802447742812,1.3176830803105448,23.86237394116476,7.349819428789389,1.1151579236915141,1.5016556627395403,1.2536402635524209,2,3.407465194061118
40,64514.2,0.8136416248026948,1.1483041621296137,18.526514901449055,12.677229621364077,1.0564865707935343,1.3133850869885566,1.5806339597076007,3,1.909906955599708
41,63515.4,0.778448321610405,1.070314089593312,24.16464618712131,16.67499181000367,1.0325713100371468,1.2180992765099021,1.8511728779806398,2,3.4420542310050366
42,63515.4,0.7574638601705967,1.0655791608679661,8.960762191910995,16.84210142590008,1.087615445602421,1.3496900092656718,1.835887828247515,2,3.2945313624637453
43,64515.8,0.7559858898512257,1.092836337116822,12.717202021881578,15.025561715091406,1.1351466566984822,1.2450806160255605,1.8596609877285146,3,3.28692520039146
44,63515.7,0.7801155281567074,1.0541464581310145,9.039715519983435,16.907776713381693,1.0800437765085604,1.3493178677287452,1.7723207126442015,2,2.823834754049792
45,64087.9,0.843025082177947,1.1742398214559013,8.216804093311874,13.030758892203831,1.090368689298674,1.2856948772411112,1.3973924022753164,4,3.453121710371943
46,66214.5,0.8075894655377497,1.8357785838440401,10.712626018184531,10.973769788227607,1.1298053005477673,1.4008926059298008,1.6768073246935637,13,2.5524916197629315
47,63979.7,0.7338244269574943,1.9842201268713135,7.428747104867184,16.47236785238142,1.1775955758566083,1.222979329966593,1.5578215532806308,2,3.8191053058781064
48,64088.6,0.7889135285012749,1.419601772777307,12.322826406388272,14.996156420655941,1.0668323896784868,1.254652502320539,1.8022634987031025,4,3.9577081406314227
49,64358.4,0.8788144872256051,1.237036423029463,15.69057143935833,7.035721110805579,1.0312796558209103,1.2159318408458555,1.205796696655177,3,2.1652486280286527
50,63686.7,0.8436335394867908,1.050073593954032,24.056826169348312,13.377169608074258,1.1017926009125691,1.2798224543135088,1.7263454790421586,2,3.060967917494507
51,63517.8,0.7162683321425594,1.1638912319076968,22.66895011884179,18.829235294618606,1.051855878353535,1.387757882761188,1.9489736848121817,2,0.7597276571211814
52,64513.5,0.6984929272425425,1.086487805624816,24.315741405911883,20.59644485232575,1.0596956123284096,1.3586113964978934,1.8436481560858022,3,3.533949006107587
53,63515.5,0.7468566608437243,1.1989594291250116,21.813343767046252,17.710314836787497,1.044687266262352,1.3320422439865587,1.8793855355758498,2,2.7656907101516808
54,65726.6,0.7441875606075412,1.288500755187675,23.40106356191903,17.40971031790214,1.2806820900773346,1.3315541059711433,1.8656959221671168,4,2.483265333983408
55,66437.9,0.7660139574275093,1.203048420183237,22.884385910443218,11.433977048415128,1.0752907063949488,1.3089520757756814,1.4603725833437464,10,2.895300402553962
56,63514.9,0.8013818540750686,1.0435748852764417,22.00518583039254,14.897094049798964,1.027780785311648,1.2727349211240726,1.9529725023558628,2,3.32655648513788
57,65224.6,0.7950409197370736,1.0254183749865955,24.49306544887762,15.17122630779417,1.0218256102940397,1.243867795911692,1.9681255453794377,16,3.2474070764777068
58,64564.9,0.8247356416413116,1.0642400927387174,20.6950329773451,16.11530619299257,1.0287903922239263,1.2727680916648285,1.6349548824429798,5,3.6833449006529255
59,64323.0,0.8649217002866608,1.0110829563453472,22.31973032163414,8.163030005749224,1.0868649053436894,1.2337022707635081,1.9451322414844987,3,3.1919064326787567
60,63420.6,0.7724388678226541,1.4484395624634503,24.898616792582416,14.540416720570043,1.0415432111507665,1.2997359636649346,1.8176461648383726,2,2.3105250654376803
61,63515.5,0.7801226786175995,1.4420813397276273,23.142025147430008,12.065624731243577,1.0358968769553123,1.303725520296402,1.9756151427531445,2,2.3092214812858964
62,63515.5,0.8063484247395042,1.6252263275695453,24.88525474927377,14.216007805009006,1.020285227015487,1.2947893346861499,1.809663285316266,2,3.5243791936163325
63,64154.3,0.7746197530635632,1.551154542981181,24.342612662281695,16.732116677596192,1.0441792162879266,1.2122987402423238,1.7497507637841605,3,2.9317982742223774
64,64092.0,0.7260303618416719,1.1141990653886518,23.63537709661187,15.704019059232902,1.0674380807357693,1.2668256920549779,1.9125326396573734,4,3.9854738153289797
65,63514.9,0.7598380608981332,1.3423781807852575,22.84482495079069,13.500760638618141,1.0588863735999952,1.2517350829987473,1.9984670794455526,2,2.6427277185580365
66,64483.0,0.7916381097944706,1.3426507438998565,21.436835149952948,13.541711783387912,1.0343752362002823,1.2537176798978216,1.9369446382138518,3,2.0290136927230162
67,63433.5,0.6918375797239691,1.3718401740642334,22.707282274942127,14.47175393315468,1.061515988444553,1.233138643416508,1.9958911429548936,2,2.395180992142797
68,64236.9,0.6297725920572639,1.3781442785969225,22.530766361793923,14.633986581721725,1.0607898909210314,1.2379802133342954,1.9972795503515761,3,2.4078608665285275
69,63514.8,0.6859882630340078,1.5083216773130648,19.324238273219798,10.657118795052238,1.0479327806613552,1.2745976822839296,1.9704209937934636,2,2.651438346614481
70,64513.5,0.6505401621641522,1.5121751657660794,19.52807571108165,10.805468261592349,1.0512263653197542,1.2748807708889094,1.3628421176888936,3,2.1174595841381274
71,63471.4,0.6884544332535674,1.4493426902092177,20.193544713730454,12.572207137510963,1.0421418817519814,1.2504828524580314,1.9644282432004947,2,2.732511570273026
72,63516.1,0.6908213856941251,1.4434764494053438,20.523107110628573,12.85034573715096,1.0734859797057656,1.257462744821327,1.9678717765313234,2,2.6791605760235413
73,63318.0,0.6792661198009249,1.5044560721342763,18.760786612731668,10.290567464547946,1.044340522616623,1.2947188989805634,1.9249629255672656,2,1.8154577689689235
74,64284.6,0.655988849204832,1.605659532723823,20.2679421315231,11.559176339433193,1.0429067132028227,1.2980895888709616,1.996754931243902,3,1.7607020382559535
75,65663.5,0.6019943590999406,1.460783760167169,18.551202759112506,10.112068490471666,1.061128008511751,1.5600815683244633,1.9228621953784952,2,1.8877986907624407
76,64037.0,0.6733071726171295,1.7332321867173475,17.66601580819956,12.402474808087694,1.0527593539999347,1.3216400051704147,1.8891037974289617,4,1.4763507087619672
77,63516.9,0.6827088816657058,1.5099746216705032,19.124535669210516,9.40128067640644,1.0275117200412622,1.288850512168162,1.9667858448269817,2,2.379412873504963
78,64457.2,0.6680247750624153,1.4126008507851062,16.598264694213864,10.524533360523396,1.0408488284079993,1.263309605159606,1.928550522034366,3,2.197442275723335
79,64090.2,0.6905974565846739,1.480621554139445,21.079978970675725,13.54104701247822,1.0484570211427582,1.2766759810954782,1.8841810625778321,4,1.2219071562819577
